/*
SQLyog 企业版 - MySQL GUI v8.14 
MySQL - 5.6.12 : Database - cms
*********************************************************************
*/
/*!40101 SET NAMES utf8 */;

/*!40101 SET SQL_MODE=''*/;

/*!40014 SET @OLD_UNIQUE_CHECKS=@@UNIQUE_CHECKS, UNIQUE_CHECKS=0 */;
/*!40014 SET @OLD_FOREIGN_KEY_CHECKS=@@FOREIGN_KEY_CHECKS, FOREIGN_KEY_CHECKS=0 */;
/*!40101 SET @OLD_SQL_MODE=@@SQL_MODE, SQL_MODE='NO_AUTO_VALUE_ON_ZERO' */;
/*!40111 SET @OLD_SQL_NOTES=@@SQL_NOTES, SQL_NOTES=0 */;

/*Table structure for table `sys_admin` */

DROP TABLE IF EXISTS `sys_admin`;

CREATE TABLE `sys_admin` (
  `id` int(10) unsigned NOT NULL AUTO_INCREMENT,
  `login_name` varchar(32) NOT NULL,
  `real_name` varchar(64) DEFAULT NULL,
  `login_paw` varchar(256) NOT NULL,
  `login_count` bigint(20) unsigned NOT NULL DEFAULT '0',
  `last_login_date` timestamp NULL DEFAULT NULL,
  `last_login_ip` varchar(256) DEFAULT NULL,
  `ROLE_ID` int(10) DEFAULT NULL COMMENT '权限角色编码的id',
  `arcdate` timestamp NULL DEFAULT NULL,
  `crtdate` timestamp NOT NULL DEFAULT CURRENT_TIMESTAMP,
  PRIMARY KEY (`id`),
  UNIQUE KEY `index_unique_login_name` (`login_name`)
) ENGINE=InnoDB AUTO_INCREMENT=18 DEFAULT CHARSET=utf8;

/*Data for the table `sys_admin` */

insert  into `sys_admin`(`id`,`login_name`,`real_name`,`login_paw`,`login_count`,`last_login_date`,`last_login_ip`,`ROLE_ID`,`arcdate`,`crtdate`) values (13,'admin','admin','8c6976e5b5410415bde908bd4dee15dfb167a9c873fc4bb8a81f6f2ab448a918',54,'2014-01-22 17:47:36','127.0.0.1',1,'2014-01-22 11:28:10','2014-01-20 11:43:32'),(16,'default','default_admin','37a8eec1ce19687d132fe29051dca629d164e2c4958ba141d5f4133a33f0688f',4,'2014-01-22 14:21:39','127.0.0.1',3,'2014-01-22 11:52:01','2014-01-20 16:14:29'),(17,'gen','gen_admin','3b6a765ede676559e0f261b5b9e339c9f36819c74a67568eb417ff4b379dbfbd',3,'2014-01-22 14:21:56','127.0.0.1',2,'2014-01-22 11:51:35','2014-01-20 17:09:11');

/*Table structure for table `sys_module` */

DROP TABLE IF EXISTS `sys_module`;

CREATE TABLE `sys_module` (
  `MODULE_ID` int(10) NOT NULL AUTO_INCREMENT COMMENT '模块ID',
  `MODULE_NAME` varchar(64) NOT NULL COMMENT '模块名称',
  `MODULE_URL` varchar(256) NOT NULL DEFAULT '0' COMMENT '模块URL',
  `TARGET` varchar(32) DEFAULT NULL COMMENT 'TARGET类型',
  `PARENT_MODULE_ID` int(10) NOT NULL DEFAULT '0' COMMENT '父模块ID',
  `TREE_CODE` varchar(32) DEFAULT NULL COMMENT '资源树编码',
  `RIGHT_CODE` varchar(32) DEFAULT NULL COMMENT '权限编码',
  `SEQ_NUM` smallint(5) NOT NULL DEFAULT '0' COMMENT '显示序号',
  `arcdate` timestamp NULL DEFAULT NULL,
  `crtdate` timestamp NOT NULL DEFAULT CURRENT_TIMESTAMP,
  `REMARK` varchar(1024) DEFAULT NULL COMMENT '备注',
  PRIMARY KEY (`MODULE_ID`),
  UNIQUE KEY `index_unique_module_name` (`MODULE_NAME`)
) ENGINE=InnoDB AUTO_INCREMENT=11 DEFAULT CHARSET=utf8;

/*Data for the table `sys_module` */

insert  into `sys_module`(`MODULE_ID`,`MODULE_NAME`,`MODULE_URL`,`TARGET`,`PARENT_MODULE_ID`,`TREE_CODE`,`RIGHT_CODE`,`SEQ_NUM`,`arcdate`,`crtdate`,`REMARK`) values (1,'系统管理','#',NULL,0,NULL,'V_SYS',0,'2014-01-21 09:50:24','2014-01-21 09:38:39',NULL),(2,'用户管理','#','',0,NULL,'V_USER',1,'2014-01-21 09:50:24','2014-01-21 09:38:39',NULL),(3,'管理员管理','/admin/sysuser/sysuserList.do','main',1,NULL,'V_SYS_ADMIN',0,'2014-01-21 09:50:24','2014-01-21 09:38:39',NULL),(4,'角色管理','/admin/sysrole/sysroleList.do','main',1,NULL,'V_SYS_ROLE',1,'2014-01-21 09:50:24','2014-01-21 09:38:39',NULL),(5,'模块管理','/admin/sysmodule/sysmoduleList.do','main',1,NULL,'V_SYS_MODULE',2,'2014-01-21 10:10:50','2014-01-21 09:38:39',NULL),(6,'操作日志查询','/admin/log/logList.do','main',1,NULL,'V_SYS_OP_LOG',3,'2014-01-21 09:50:24','2014-01-21 09:38:39',NULL),(9,'用户','#','',2,NULL,'V_USER_LIST',0,'2014-01-21 15:32:52','2014-01-21 15:32:52',''),(10,'XX','#','',0,NULL,'XX',1,'2014-01-21 15:47:20','2014-01-21 15:47:15','');

/*Table structure for table `sys_operator_log` */

DROP TABLE IF EXISTS `sys_operator_log`;

CREATE TABLE `sys_operator_log` (
  `id` bigint(20) unsigned NOT NULL AUTO_INCREMENT,
  `title` varchar(64) NOT NULL,
  `action` mediumtext,
  `crtdate` timestamp NOT NULL DEFAULT CURRENT_TIMESTAMP,
  PRIMARY KEY (`id`)
) ENGINE=InnoDB AUTO_INCREMENT=674 DEFAULT CHARSET=utf8;

/*Data for the table `sys_operator_log` */

insert  into `sys_operator_log`(`id`,`title`,`action`,`crtdate`) values (539,'管理员登录','管理员[admin]登录成功！','2014-01-20 13:02:40'),(540,'修改管理员','修改管理员信息[<b>原始数据：</b>SysUser [id=15, loginName=admin3, realName=admin33, loginPassword=, loginCount=0, lastLoginDate=Mon Jan 20 12:56:36 CST 2014, lastLoginIp=null, arcDate=Mon Jan 20 12:57:19 CST 2014, crtDate=Mon Jan 20 12:56:36 CST 2014]<br/>修改管理员信息[<b>修改数据：</b>SysUser [id=15, loginName=admin3, realName=admin3, loginPassword=, loginCount=0, lastLoginDate=null, lastLoginIp=null, arcDate=null, crtDate=null]','2014-01-20 13:02:51'),(541,'修改管理员','修改管理员信息[<b>原始数据：</b>SysUser [id=15, loginName=admin3, realName=admin3, loginPassword=, loginCount=0, lastLoginDate=Mon Jan 20 12:56:36 CST 2014, lastLoginIp=null, arcDate=Mon Jan 20 13:02:51 CST 2014, crtDate=Mon Jan 20 12:56:36 CST 2014]<br/>修改管理员信息[<b>修改数据：</b>SysUser [id=15, loginName=admin3, realName=admin3, loginPassword=, loginCount=0, lastLoginDate=null, lastLoginIp=null, arcDate=null, crtDate=null]','2014-01-20 13:03:15'),(542,'管理员登录','管理员[admin]登录成功！','2014-01-20 15:16:13'),(543,'管理员退出','管理员[admin]手动退出！','2014-01-20 15:17:15'),(544,'管理员登录','管理员[admin]登录成功！','2014-01-20 15:17:20'),(545,'管理员登录','管理员[admin]登录成功！','2014-01-20 15:48:00'),(546,'管理员登录','管理员[admin]登录成功！','2014-01-20 15:56:27'),(547,'管理员登录','管理员[admin]登录成功！','2014-01-20 16:03:56'),(548,'删除管理员','删除管理员信息[SysUser [id=15, loginName=admin3, realName=admin3, loginPassword=440e6989449ed527ec245345b5625d99f8b2b38176b04fc3c726974c1177b2c7, loginCount=0, lastLoginDate=Mon Jan 20 12:56:36 CST 2014, lastLoginIp=null, arcDate=Mon Jan 20 13:03:15 CST 2014, crtDate=Mon Jan 20 12:56:36 CST 2014]','2014-01-20 16:11:26'),(549,'管理员登录','管理员[admin]登录成功！','2014-01-20 16:13:47'),(550,'新增管理员','新增管理员信息[SysUser [id=, loginName=admin3, realName=admin3, loginPassword=admin3, loginCount=0, lastLoginDate=null, lastLoginIp=null, arcDate=null, crtDate=null]','2014-01-20 16:14:29'),(552,'管理员登录','管理员[admin]登录成功！','2014-01-20 16:18:30'),(554,'管理员登录','管理员[admin]登录成功！','2014-01-20 16:26:03'),(556,'修改管理员','修改管理员信息[<b>原始数据：</b>SysUser [id=16, loginName=admin3, realName=admin3, loginPassword=, loginCount=0, lastLoginDate=Mon Jan 20 16:14:29 CST 2014, lastLoginIp=null, arcDate=Mon Jan 20 16:14:29 CST 2014, crtDate=Mon Jan 20 16:14:29 CST 2014]<br/>修改管理员信息[<b>修改数据：</b>SysUser [id=16, loginName=admin3, realName=admin3, loginPassword=, loginCount=0, lastLoginDate=null, lastLoginIp=null, arcDate=null, crtDate=null]','2014-01-20 16:26:26'),(557,'修改管理员','修改管理员信息[<b>原始数据：</b>SysUser [id=16, loginName=admin3, realName=admin3, loginPassword=, loginCount=0, lastLoginDate=Mon Jan 20 16:14:29 CST 2014, lastLoginIp=null, arcDate=Mon Jan 20 16:26:26 CST 2014, crtDate=Mon Jan 20 16:14:29 CST 2014]<br/>修改管理员信息[<b>修改数据：</b>SysUser [id=16, loginName=admin3, realName=admin33, loginPassword=, loginCount=0, lastLoginDate=null, lastLoginIp=null, arcDate=null, crtDate=null]','2014-01-20 16:26:31'),(558,'修改管理员','修改管理员信息[<b>原始数据：</b>SysUser [id=13, loginName=admin, realName=admin, loginPassword=, loginCount=13, lastLoginDate=Mon Jan 20 16:26:04 CST 2014, lastLoginIp=127.0.0.1, arcDate=Mon Jan 20 11:46:09 CST 2014, crtDate=Mon Jan 20 11:43:32 CST 2014]<br/>修改管理员信息[<b>修改数据：</b>SysUser [id=13, loginName=admin, realName=admin3, loginPassword=, loginCount=0, lastLoginDate=null, lastLoginIp=null, arcDate=null, crtDate=null]','2014-01-20 16:26:51'),(559,'新增权限角色','新增权限角色信息[SysRole [roleId=, roleCode=ADMIN, roleName=管理员, remark=管理员, arcDate=null, crtDate=null]]','2014-01-20 16:27:29'),(560,'修改权限角色','修改权限角色信息[<b>原始数据：</b>SysRole [roleId=1, roleCode=GEN_ADMIN, roleName=普通管理员, remark=null, arcDate=Mon Jan 20 14:27:26 CST 2014, crtDate=Mon Jan 20 14:27:26 CST 2014]]<br/>修改权限角色信息[<b>修改数据：</b>SysRole [roleId=1, roleCode=GEN_ADMIN, roleName=普通管理员, remark=普通管理员, arcDate=null, crtDate=null]]','2014-01-20 16:27:35'),(561,'修改权限角色','修改权限角色信息[<b>原始数据：</b>SysRole [roleId=2, roleCode=SUPER_ADMIN, roleName=超级管理员, remark=null, arcDate=Mon Jan 20 14:27:26 CST 2014, crtDate=Mon Jan 20 14:28:42 CST 2014]]<br/>修改权限角色信息[<b>修改数据：</b>SysRole [roleId=2, roleCode=SUPER_ADMIN, roleName=超级管理员, remark=超级管理员, arcDate=null, crtDate=null]]','2014-01-20 16:27:38'),(562,'新增权限角色','新增权限角色信息[SysRole [roleId=, roleCode=t1, roleName=t1, remark=t1, arcDate=null, crtDate=null]]','2014-01-20 16:28:33'),(563,'新增权限角色','新增权限角色信息[SysRole [roleId=, roleCode=t2, roleName=t1, remark=t1, arcDate=null, crtDate=null]]','2014-01-20 16:30:00'),(564,'删除权限角色','删除权限角色信息[SysRole [roleId=4, roleCode=t1, roleName=t1, remark=t1, arcDate=Mon Jan 20 16:28:33 CST 2014, crtDate=Mon Jan 20 16:28:33 CST 2014]]','2014-01-20 16:30:16'),(565,'删除权限角色','删除权限角色信息[SysRole [roleId=6, roleCode=t2, roleName=t1, remark=t1, arcDate=Mon Jan 20 16:30:00 CST 2014, crtDate=Mon Jan 20 16:30:00 CST 2014]]','2014-01-20 16:30:16'),(566,'管理员登录','管理员[admin]登录成功！','2014-01-20 16:58:47'),(567,'管理员登录','管理员[admin]登录成功！','2014-01-20 17:08:56'),(568,'新增管理员','新增管理员信息[SysUser [id=, loginName=admin2, realName=admin2, loginPassword=, loginCount=0, lastLoginDate=null, lastLoginIp=null, arcDate=null, crtDate=null]','2014-01-20 17:09:11'),(569,'管理员登录','管理员[admin]登录成功！','2014-01-20 17:14:40'),(570,'管理员登录','管理员[admin]登录成功！','2014-01-20 17:20:53'),(571,'修改管理员','修改管理员信息[<b>原始数据：</b>SysUser [id=17, loginName=admin2, realName=admin2, loginPassword=, loginCount=0, lastLoginDate=Mon Jan 20 17:09:11 CST 2014, lastLoginIp=null, arcDate=Mon Jan 20 17:09:11 CST 2014, crtDate=Mon Jan 20 17:09:11 CST 2014]<br/>修改管理员信息[<b>修改数据：</b>SysUser [id=17, loginName=admin2, realName=admin2, loginPassword=, loginCount=0, lastLoginDate=null, lastLoginIp=null, arcDate=null, crtDate=null]','2014-01-20 17:22:41'),(572,'修改管理员','修改管理员信息[<b>原始数据：</b>SysUser [id=17, loginName=admin2, realName=admin2, loginPassword=, loginCount=0, lastLoginDate=Mon Jan 20 17:09:11 CST 2014, lastLoginIp=null, arcDate=Mon Jan 20 17:22:41 CST 2014, crtDate=Mon Jan 20 17:09:11 CST 2014]<br/>修改管理员信息[<b>修改数据：</b>SysUser [id=17, loginName=admin2, realName=admin2, loginPassword=, loginCount=0, lastLoginDate=null, lastLoginIp=null, arcDate=null, crtDate=null]','2014-01-20 17:22:48'),(573,'修改管理员','修改管理员信息[<b>原始数据：</b>SysUser [id=17, loginName=admin2, realName=admin2, loginPassword=, loginCount=0, lastLoginDate=Mon Jan 20 17:09:11 CST 2014, lastLoginIp=null, arcDate=Mon Jan 20 17:22:48 CST 2014, crtDate=Mon Jan 20 17:09:11 CST 2014]<br/>修改管理员信息[<b>修改数据：</b>SysUser [id=17, loginName=admin2, realName=admin2, loginPassword=, loginCount=0, lastLoginDate=null, lastLoginIp=null, arcDate=null, crtDate=null]','2014-01-20 17:28:53'),(574,'修改管理员','修改管理员信息[<b>原始数据：</b>SysUser [id=17, loginName=admin2, realName=admin2, loginPassword=, loginCount=0, lastLoginDate=Mon Jan 20 17:09:11 CST 2014, lastLoginIp=null, arcDate=Mon Jan 20 17:28:53 CST 2014, crtDate=Mon Jan 20 17:09:11 CST 2014, sysRole=SysRole [roleId=1, roleCode=GEN_ADMIN, roleName=普通管理员, remark=null, arcDate=null, crtDate=null]]]<br/>修改管理员信息[<b>修改数据：</b>SysUser [id=17, loginName=admin2, realName=admin2, loginPassword=, loginCount=0, lastLoginDate=null, lastLoginIp=null, arcDate=null, crtDate=null, sysRole=SysRole [roleId=null, roleCode=SUPER_ADMIN, roleName=null, remark=null, arcDate=null, crtDate=null]]]','2014-01-20 17:30:00'),(575,'管理员登录','管理员[admin]登录成功！','2014-01-20 17:32:41'),(576,'修改管理员','修改管理员信息[<b>原始数据：</b>SysUser [id=17, loginName=admin2, realName=admin2, loginPassword=, loginCount=0, lastLoginDate=Mon Jan 20 17:09:11 CST 2014, lastLoginIp=null, arcDate=Mon Jan 20 17:30:00 CST 2014, crtDate=Mon Jan 20 17:09:11 CST 2014, roleCode=SUPER_ADMIN]]<br/>修改管理员信息[<b>修改数据：</b>SysUser [id=17, loginName=admin2, realName=admin2, loginPassword=, loginCount=0, lastLoginDate=null, lastLoginIp=null, arcDate=null, crtDate=null, roleCode=GEN_ADMIN]]','2014-01-20 17:33:07'),(577,'管理员登录','管理员[admin]登录成功！','2014-01-21 08:46:37'),(578,'管理员登录','管理员[admin]登录成功！','2014-01-21 08:57:49'),(579,'修改权限角色','修改权限角色信息[<b>原始数据：</b>SysRole [roleId=1, roleCode=GEN_ADMIN, roleName=普通管理员, remark=普通管理员, arcDate=Mon Jan 20 16:27:35 CST 2014, crtDate=Mon Jan 20 14:27:26 CST 2014]]<br/>修改权限角色信息[<b>修改数据：</b>SysRole [roleId=1, roleCode=GEN_ADMIN, roleName=普通管理员, remark=普通管理员, arcDate=null, crtDate=null]]','2014-01-21 08:58:21'),(580,'修改权限角色','修改权限角色信息[<b>原始数据：</b>SysRole [roleId=1, roleCode=GEN_ADMIN, roleName=普通管理员, remark=普通管理员, arcDate=Tue Jan 21 08:58:21 CST 2014, crtDate=Mon Jan 20 14:27:26 CST 2014]]<br/>修改权限角色信息[<b>修改数据：</b>SysRole [roleId=1, roleCode=GEN_ADMIN, roleName=普通管理员, remark=普通管理员, arcDate=null, crtDate=null]]','2014-01-21 08:59:05'),(581,'管理员登录','管理员[admin]登录成功！','2014-01-21 10:23:19'),(582,'管理员登录','管理员[admin]登录成功！','2014-01-21 10:25:00'),(583,'管理员登录','管理员[admin]登录成功！','2014-01-21 10:28:17'),(584,'管理员登录','管理员[admin]登录成功！','2014-01-21 10:31:57'),(585,'管理员登录','管理员[admin]登录成功！','2014-01-21 10:41:35'),(586,'管理员登录','管理员[admin]登录成功！','2014-01-21 10:54:48'),(587,'管理员登录','管理员[admin]登录成功！','2014-01-21 10:57:38'),(588,'管理员登录','管理员[admin]登录成功！','2014-01-21 11:02:01'),(589,'管理员登录','管理员[admin]登录成功！','2014-01-21 14:25:41'),(590,'管理员登录','管理员[admin]登录成功！','2014-01-21 15:14:54'),(591,'管理员登录','管理员[admin]登录成功！','2014-01-21 15:22:44'),(592,'管理员登录','管理员[admin]登录成功！','2014-01-21 15:27:51'),(593,'新增系统模块','新增系统模块信息[SysModule [moduleId=, moduleName=用户列表信息, moduleUrl=#, targetString=, treeCode=null, rightCode=V_USER_LIST, seqNum=0, remark=用户列表信息, arcDate=null, crtDate=null, parentModuleId=2]]','2014-01-21 15:28:33'),(594,'修改系统模块','修改系统模块信息[<b>原始数据：</b>SysModule [moduleId=7, moduleName=用户列表信息, moduleUrl=#, targetString=, treeCode=null, rightCode=V_USER_LIST, seqNum=0, remark=用户列表信息, arcDate=Tue Jan 21 15:28:32 CST 2014, crtDate=Tue Jan 21 15:28:32 CST 2014, parentModuleId=2]]<br/>修改系统模块信息[<b>修改数据：</b>SysModule [moduleId=7, moduleName=用户列表, moduleUrl=#, targetString=, treeCode=null, rightCode=V_USER_LIST, seqNum=0, remark=用户列表信息, arcDate=null, crtDate=null, parentModuleId=2]]','2014-01-21 15:28:50'),(595,'管理员退出','管理员[admin]手动退出！','2014-01-21 15:28:55'),(596,'管理员登录','管理员[admin]登录成功！','2014-01-21 15:29:00'),(597,'新增系统模块','新增系统模块信息[SysModule [moduleId=, moduleName=xxx, moduleUrl=#, targetString=, treeCode=null, rightCode=xxx, seqNum=0, remark=, arcDate=null, crtDate=null, parentModuleId=0]]','2014-01-21 15:30:58'),(598,'修改系统模块','修改系统模块信息[<b>原始数据：</b>SysModule [moduleId=8, moduleName=xxx, moduleUrl=#, targetString=, treeCode=null, rightCode=xxx, seqNum=0, remark=, arcDate=Tue Jan 21 15:30:58 CST 2014, crtDate=Tue Jan 21 15:30:58 CST 2014, parentModuleId=0]]<br/>修改系统模块信息[<b>修改数据：</b>SysModule [moduleId=8, moduleName=xxx, moduleUrl=#, targetString=, treeCode=null, rightCode=xxx, seqNum=1, remark=, arcDate=null, crtDate=null, parentModuleId=0]]','2014-01-21 15:32:03'),(599,'修改系统模块','修改系统模块信息[<b>原始数据：</b>SysModule [moduleId=8, moduleName=xxx, moduleUrl=#, targetString=, treeCode=null, rightCode=xxx, seqNum=1, remark=, arcDate=Tue Jan 21 15:32:03 CST 2014, crtDate=Tue Jan 21 15:30:58 CST 2014, parentModuleId=0]]<br/>修改系统模块信息[<b>修改数据：</b>SysModule [moduleId=8, moduleName=xxx, moduleUrl=#, targetString=, treeCode=null, rightCode=xxx, seqNum=2, remark=, arcDate=null, crtDate=null, parentModuleId=0]]','2014-01-21 15:32:08'),(600,'删除系统模块','删除系统模块信息[SysModule [moduleId=8, moduleName=xxx, moduleUrl=#, targetString=, treeCode=null, rightCode=xxx, seqNum=2, remark=, arcDate=Tue Jan 21 15:32:08 CST 2014, crtDate=Tue Jan 21 15:30:58 CST 2014, parentModuleId=0]]','2014-01-21 15:32:13'),(601,'删除系统模块','删除系统模块信息[SysModule [moduleId=7, moduleName=用户列表, moduleUrl=#, targetString=, treeCode=null, rightCode=V_USER_LIST, seqNum=0, remark=用户列表信息, arcDate=Tue Jan 21 15:28:50 CST 2014, crtDate=Tue Jan 21 15:28:32 CST 2014, parentModuleId=2]]','2014-01-21 15:32:27'),(602,'新增系统模块','新增系统模块信息[SysModule [moduleId=, moduleName=用户, moduleUrl=#, targetString=, treeCode=null, rightCode=V_USER_LIST, seqNum=0, remark=, arcDate=null, crtDate=null, parentModuleId=2]]','2014-01-21 15:32:52'),(603,'管理员登录','管理员[admin]登录成功！','2014-01-21 15:46:17'),(604,'新增系统模块','新增系统模块信息[SysModule [moduleId=, moduleName=XX, moduleUrl=#, targetString=, treeCode=null, rightCode=XX, seqNum=0, remark=, arcDate=null, crtDate=null, parentModuleId=0]]','2014-01-21 15:47:15'),(605,'修改系统模块','修改系统模块信息[<b>原始数据：</b>SysModule [moduleId=10, moduleName=XX, moduleUrl=#, targetString=, treeCode=null, rightCode=XX, seqNum=0, remark=, arcDate=Tue Jan 21 15:47:15 CST 2014, crtDate=Tue Jan 21 15:47:15 CST 2014, parentModuleId=0]]<br/>修改系统模块信息[<b>修改数据：</b>SysModule [moduleId=10, moduleName=XX, moduleUrl=#, targetString=, treeCode=null, rightCode=XX, seqNum=1, remark=, arcDate=null, crtDate=null, parentModuleId=0]]','2014-01-21 15:47:20'),(606,'新增系统模块','新增系统模块信息[SysModule [moduleId=, moduleName=XXXXX, moduleUrl=#, targetString=, treeCode=null, rightCode=XXXXXX, seqNum=0, remark=, arcDate=null, crtDate=null, parentModuleId=10]]','2014-01-21 15:47:35'),(607,'管理员登录','管理员[admin]登录成功！','2014-01-21 15:58:32'),(608,'管理员登录','管理员[admin]登录成功！','2014-01-21 16:05:36'),(609,'管理员登录','管理员[admin]登录成功！','2014-01-21 16:22:07'),(610,'管理员登录','管理员[admin]登录成功！','2014-01-21 16:41:18'),(611,'管理员登录','管理员[admin]登录成功！','2014-01-21 17:30:02'),(612,'管理员登录','管理员[admin]登录成功！','2014-01-22 09:13:11'),(613,'管理员登录','管理员[admin]登录成功！','2014-01-22 09:24:26'),(614,'修改权限角色','修改权限角色信息[<b>原始数据：</b>SysRole [roleId=1, roleCode=GEN_ADMIN, roleName=普通管理员, remark=普通管理员, arcDate=Tue Jan 21 08:59:05 CST 2014, crtDate=Mon Jan 20 14:27:26 CST 2014]]<br/>修改权限角色信息[<b>修改数据：</b>SysRole [roleId=1, roleCode=GEN_ADMIN, roleName=普通管理员, remark=普通管理员, arcDate=null, crtDate=null]]','2014-01-22 09:39:55'),(615,'修改权限角色','修改权限角色信息[<b>原始数据：</b>SysRole [roleId=1, roleCode=GEN_ADMIN, roleName=普通管理员, remark=普通管理员, arcDate=Wed Jan 22 09:39:54 CST 2014, crtDate=Mon Jan 20 14:27:26 CST 2014]]<br/>修改权限角色信息[<b>修改数据：</b>SysRole [roleId=1, roleCode=GEN_ADMIN, roleName=普通管理员, remark=普通管理员1, arcDate=null, crtDate=null]]','2014-01-22 09:40:11'),(616,'管理员登录','管理员[admin]登录成功！','2014-01-22 11:02:21'),(617,'修改权限角色','修改权限角色信息[<b>原始数据：</b>SysRole [roleId=1, roleCode=GEN_ADMIN, roleName=普通管理员, remark=普通管理员1, arcDate=Wed Jan 22 09:40:11 CST 2014, crtDate=Mon Jan 20 14:27:26 CST 2014]]<br/>修改权限角色信息[<b>修改数据：</b>SysRole [roleId=1, roleCode=GEN_ADMIN, roleName=普通管理员, remark=普通管理员1, arcDate=null, crtDate=null]]','2014-01-22 11:02:39'),(618,'修改管理员','修改管理员信息[<b>原始数据：</b>SysUser [id=13, loginName=admin, realName=admin3, loginPassword=, loginCount=41, lastLoginDate=Wed Jan 22 11:02:21 CST 2014, lastLoginIp=127.0.0.1, arcDate=Mon Jan 20 16:26:51 CST 2014, crtDate=Mon Jan 20 11:43:32 CST 2014, roleCode=SUPER_ADMIN]]<br/>修改管理员信息[<b>修改数据：</b>SysUser [id=13, loginName=admin, realName=admin3, loginPassword=, loginCount=0, lastLoginDate=null, lastLoginIp=null, arcDate=null, crtDate=null, roleCode=GEN_ADMIN]]','2014-01-22 11:04:29'),(619,'修改管理员','修改管理员信息[<b>原始数据：</b>SysUser [id=13, loginName=admin, realName=admin3, loginPassword=, loginCount=41, lastLoginDate=Wed Jan 22 11:02:21 CST 2014, lastLoginIp=127.0.0.1, arcDate=Wed Jan 22 11:04:29 CST 2014, crtDate=Mon Jan 20 11:43:32 CST 2014, roleCode=GEN_ADMIN]]<br/>修改管理员信息[<b>修改数据：</b>SysUser [id=13, loginName=admin, realName=admin3, loginPassword=, loginCount=0, lastLoginDate=null, lastLoginIp=null, arcDate=null, crtDate=null, roleCode=SUPER_ADMIN]]','2014-01-22 11:04:34'),(620,'管理员登录','管理员[admin]登录成功！','2014-01-22 11:09:59'),(621,'修改权限角色','修改权限角色信息[<b>原始数据：</b>SysRole [roleId=1, roleCode=SUPER_ADMIN, roleName=超级管理员, remark=超级管理员, arcDate=Mon Jan 20 16:27:38 CST 2014, crtDate=Mon Jan 20 14:28:42 CST 2014]]<br/>修改权限角色信息[<b>修改数据：</b>SysRole [roleId=1, roleCode=SUPER_ADMIN, roleName=超级管理员, remark=超级管理员, arcDate=null, crtDate=null]]','2014-01-22 11:10:17'),(622,'修改权限角色','修改权限角色信息[<b>原始数据：</b>SysRole [roleId=1, roleCode=SUPER_ADMIN, roleName=超级管理员, remark=超级管理员, treeSysModuleModalIds=3,11,9,4,5,6,, arcDate=Wed Jan 22 11:10:08 CST 2014, crtDate=Mon Jan 20 14:28:42 CST 2014]]<br/>修改权限角色信息[<b>修改数据：</b>SysRole [roleId=1, roleCode=SUPER_ADMIN, roleName=超级管理员, remark=超级管理员, treeSysModuleModalIds=3,11,9,4,5,6,, arcDate=null, crtDate=null]]','2014-01-22 11:14:59'),(623,'修改权限角色','修改权限角色信息[<b>原始数据：</b>SysRole [roleId=2, roleCode=GEN_ADMIN, roleName=普通管理员, remark=普通管理员1, treeSysModuleModalIds=, arcDate=Wed Jan 22 11:02:39 CST 2014, crtDate=Mon Jan 20 14:27:26 CST 2014]]<br/>修改权限角色信息[<b>修改数据：</b>SysRole [roleId=2, roleCode=GEN_ADMIN, roleName=普通管理员, remark=普通管理员1, treeSysModuleModalIds=3,4,5,6, arcDate=null, crtDate=null]]','2014-01-22 11:15:20'),(624,'修改管理员','修改管理员信息[<b>原始数据：</b>SysUser [id=13, loginName=admin, realName=admin3, loginPassword=, loginCount=42, lastLoginDate=Wed Jan 22 11:09:59 CST 2014, lastLoginIp=127.0.0.1, arcDate=Wed Jan 22 11:04:34 CST 2014, crtDate=Mon Jan 20 11:43:32 CST 2014, roleCode=SUPER_ADMIN]]<br/>修改管理员信息[<b>修改数据：</b>SysUser [id=13, loginName=admin, realName=admin3, loginPassword=, loginCount=0, lastLoginDate=null, lastLoginIp=null, arcDate=null, crtDate=null, roleCode=SUPER_ADMIN]]','2014-01-22 11:27:55'),(625,'修改管理员','修改管理员信息[<b>原始数据：</b>SysUser [id=13, loginName=admin, realName=admin3, loginPassword=, loginCount=42, lastLoginDate=Wed Jan 22 11:09:59 CST 2014, lastLoginIp=127.0.0.1, arcDate=Wed Jan 22 11:27:55 CST 2014, crtDate=Mon Jan 20 11:43:32 CST 2014, roleCode=SUPER_ADMIN]]<br/>修改管理员信息[<b>修改数据：</b>SysUser [id=13, loginName=admin, realName=admin, loginPassword=, loginCount=0, lastLoginDate=null, lastLoginIp=null, arcDate=null, crtDate=null, roleCode=SUPER_ADMIN]]','2014-01-22 11:28:00'),(626,'修改管理员','修改管理员信息[<b>原始数据：</b>SysUser [id=13, loginName=admin, realName=admin, loginPassword=, loginCount=42, lastLoginDate=Wed Jan 22 11:09:59 CST 2014, lastLoginIp=127.0.0.1, arcDate=Wed Jan 22 11:28:00 CST 2014, crtDate=Mon Jan 20 11:43:32 CST 2014, roleCode=SUPER_ADMIN]]<br/>修改管理员信息[<b>修改数据：</b>SysUser [id=13, loginName=admin, realName=admin, loginPassword=, loginCount=0, lastLoginDate=null, lastLoginIp=null, arcDate=null, crtDate=null, roleCode=SUPER_ADMIN]]','2014-01-22 11:28:10'),(627,'修改管理员','修改管理员信息[<b>原始数据：</b>SysUser [id=17, loginName=admin2, realName=admin2, loginPassword=, loginCount=0, lastLoginDate=Mon Jan 20 17:09:11 CST 2014, lastLoginIp=null, arcDate=Mon Jan 20 17:33:07 CST 2014, crtDate=Mon Jan 20 17:09:11 CST 2014, roleCode=GEN_ADMIN]]<br/>修改管理员信息[<b>修改数据：</b>SysUser [id=17, loginName=admin2, realName=admin2, loginPassword=, loginCount=0, lastLoginDate=null, lastLoginIp=null, arcDate=null, crtDate=null, roleCode=SUPER_ADMIN]]','2014-01-22 11:28:17'),(628,'修改管理员','修改管理员信息[<b>原始数据：</b>SysUser [id=16, loginName=admin3, realName=admin33, loginPassword=, loginCount=0, lastLoginDate=Mon Jan 20 16:14:29 CST 2014, lastLoginIp=null, arcDate=Mon Jan 20 16:26:31 CST 2014, crtDate=Mon Jan 20 16:14:29 CST 2014, roleCode=GEN_ADMIN]]<br/>修改管理员信息[<b>修改数据：</b>SysUser [id=16, loginName=admin3, realName=admin3, loginPassword=, loginCount=0, lastLoginDate=null, lastLoginIp=null, arcDate=null, crtDate=null, roleCode=GEN_ADMIN]]','2014-01-22 11:28:22'),(629,'修改权限角色','修改权限角色信息[<b>原始数据：</b>SysRole [roleId=2, roleCode=GEN_ADMIN, roleName=普通管理员, remark=普通管理员1, treeSysModuleModalIds=3,4,5,6,, arcDate=Wed Jan 22 11:15:19 CST 2014, crtDate=Mon Jan 20 14:27:26 CST 2014]]<br/>修改权限角色信息[<b>修改数据：</b>SysRole [roleId=2, roleCode=GEN_ADMIN, roleName=普通管理员, remark=普通管理员1, treeSysModuleModalIds=3,4,5,6,9,11, arcDate=null, crtDate=null]]','2014-01-22 11:28:38'),(630,'修改权限角色','修改权限角色信息[<b>原始数据：</b>SysRole [roleId=3, roleCode=ADMIN, roleName=管理员, remark=管理员, treeSysModuleModalIds=, arcDate=Mon Jan 20 16:27:29 CST 2014, crtDate=Mon Jan 20 16:27:29 CST 2014]]<br/>修改权限角色信息[<b>修改数据：</b>SysRole [roleId=3, roleCode=ADMIN, roleName=管理员, remark=管理员, treeSysModuleModalIds=3,4,5,6,11, arcDate=null, crtDate=null]]','2014-01-22 11:28:45'),(631,'修改权限角色','修改权限角色信息[<b>原始数据：</b>SysRole [roleId=3, roleCode=ADMIN, roleName=管理员, remark=管理员, treeSysModuleModalIds=3,11,4,5,6,, arcDate=Wed Jan 22 11:28:45 CST 2014, crtDate=Mon Jan 20 16:27:29 CST 2014]]<br/>修改权限角色信息[<b>修改数据：</b>SysRole [roleId=3, roleCode=ADMIN, roleName=管理员, remark=管理员, treeSysModuleModalIds=3,11,4,5,6,, arcDate=null, crtDate=null]]','2014-01-22 11:28:50'),(632,'管理员登录','用户密码错误！','2014-01-22 11:45:23'),(633,'管理员登录','用户密码错误！','2014-01-22 11:45:35'),(634,'管理员登录','管理员[admin]登录成功！','2014-01-22 11:45:53'),(635,'修改管理员','修改管理员信息[<b>原始数据：</b>SysUser [id=17, loginName=admin2, realName=admin2, loginPassword=998ed4d621742d0c2d85ed84173db569afa194d4597686cae947324aa58ab4bb, loginCount=0, lastLoginDate=Mon Jan 20 17:09:11 CST 2014, lastLoginIp=null, arcDate=Wed Jan 22 11:28:17 CST 2014, crtDate=Mon Jan 20 17:09:11 CST 2014, roleCode=GEN_ADMIN]]<br/>修改管理员信息[<b>修改数据：</b>SysUser [id=17, loginName=admin2, realName=admin2, loginPassword=1c142b2d01aa34e9a36bde480645a57fd69e14155dacfab5a3f9257b77fdc8d8, loginCount=0, lastLoginDate=null, lastLoginIp=null, arcDate=null, crtDate=null, roleCode=null]]','2014-01-22 11:46:05'),(636,'管理员退出','管理员[admin]手动退出！','2014-01-22 11:46:09'),(637,'管理员登录','管理员[admin2]登录成功！','2014-01-22 11:46:15'),(638,'修改权限角色','修改权限角色信息[<b>原始数据：</b>SysRole [roleId=1, roleCode=SUPER_ADMIN, roleName=超级管理员, remark=超级管理员, treeSysModuleModalIds=3,9,11,4,5,6,, arcDate=Wed Jan 22 11:14:58 CST 2014, crtDate=Mon Jan 20 14:28:42 CST 2014]]<br/>修改权限角色信息[<b>修改数据：</b>SysRole [roleId=1, roleCode=SUPER_ADMIN, roleName=超级管理员, remark=超级管理员, treeSysModuleModalIds=3,4,5,6,11, arcDate=null, crtDate=null]]','2014-01-22 11:46:36'),(639,'管理员退出','管理员[admin2]手动退出！','2014-01-22 11:46:42'),(640,'管理员登录','管理员[admin]登录成功！','2014-01-22 11:49:21'),(641,'修改权限角色','修改权限角色信息[<b>原始数据：</b>SysRole [roleId=3, roleCode=ADMIN, roleName=管理员, remark=管理员, treeSysModuleModalIds=3,11,4,5,6,, arcDate=Wed Jan 22 11:28:50 CST 2014, crtDate=Mon Jan 20 16:27:29 CST 2014]]<br/>修改权限角色信息[<b>修改数据：</b>SysRole [roleId=3, roleCode=ADMIN, roleName=管理员, remark=管理员, treeSysModuleModalIds=9,11, arcDate=null, crtDate=null]]','2014-01-22 11:49:48'),(642,'修改管理员','修改管理员信息[<b>原始数据：</b>SysUser [id=16, loginName=admin3, realName=admin3, loginPassword=, loginCount=0, lastLoginDate=Mon Jan 20 16:14:29 CST 2014, lastLoginIp=null, arcDate=Wed Jan 22 11:28:22 CST 2014, crtDate=Mon Jan 20 16:14:29 CST 2014, roleCode=GEN_ADMIN]]<br/>修改管理员信息[<b>修改数据：</b>SysUser [id=16, loginName=admin3, realName=admin3, loginPassword=, loginCount=0, lastLoginDate=null, lastLoginIp=null, arcDate=null, crtDate=null, roleCode=null]]','2014-01-22 11:49:55'),(643,'修改管理员','修改管理员信息[<b>原始数据：</b>SysUser [id=16, loginName=admin3, realName=admin3, loginPassword=440e6989449ed527ec245345b5625d99f8b2b38176b04fc3c726974c1177b2c7, loginCount=0, lastLoginDate=Mon Jan 20 16:14:29 CST 2014, lastLoginIp=null, arcDate=Wed Jan 22 11:49:55 CST 2014, crtDate=Mon Jan 20 16:14:29 CST 2014, roleCode=ADMIN]]<br/>修改管理员信息[<b>修改数据：</b>SysUser [id=16, loginName=admin3, realName=admin3, loginPassword=4fc2b5673a201ad9b1fc03dcb346e1baad44351daa0503d5534b4dfdcc4332e0, loginCount=0, lastLoginDate=null, lastLoginIp=null, arcDate=null, crtDate=null, roleCode=null]]','2014-01-22 11:50:00'),(644,'管理员退出','管理员[admin]手动退出！','2014-01-22 11:50:02'),(645,'管理员登录','管理员[admin3]登录成功！','2014-01-22 11:50:09'),(646,'管理员退出','管理员[admin3]手动退出！','2014-01-22 11:50:36'),(647,'管理员登录','管理员[admin]登录成功！','2014-01-22 11:50:40'),(648,'修改权限角色','修改权限角色信息[<b>原始数据：</b>SysRole [roleId=1, roleCode=SUPER_ADMIN, roleName=超级管理员, remark=超级管理员, treeSysModuleModalIds=11,3,4,5,6,, arcDate=Wed Jan 22 11:46:36 CST 2014, crtDate=Mon Jan 20 14:28:42 CST 2014]]<br/>修改权限角色信息[<b>修改数据：</b>SysRole [roleId=1, roleCode=SUPER_ADMIN, roleName=超级管理员, remark=超级管理员, treeSysModuleModalIds=3,4,5,6,9,11, arcDate=null, crtDate=null]]','2014-01-22 11:50:51'),(649,'修改权限角色','修改权限角色信息[<b>原始数据：</b>SysRole [roleId=2, roleCode=GEN_ADMIN, roleName=普通管理员, remark=普通管理员1, treeSysModuleModalIds=3,9,11,4,5,6,, arcDate=Wed Jan 22 11:28:37 CST 2014, crtDate=Mon Jan 20 14:27:26 CST 2014]]<br/>修改权限角色信息[<b>修改数据：</b>SysRole [roleId=2, roleCode=GEN_ADMIN, roleName=普通管理员, remark=普通管理员1, treeSysModuleModalIds=3,5,6,9,11, arcDate=null, crtDate=null]]','2014-01-22 11:51:12'),(650,'修改管理员','修改管理员信息[<b>原始数据：</b>SysUser [id=17, loginName=admin2, realName=admin2, loginPassword=1c142b2d01aa34e9a36bde480645a57fd69e14155dacfab5a3f9257b77fdc8d8, loginCount=1, lastLoginDate=Wed Jan 22 11:46:16 CST 2014, lastLoginIp=127.0.0.1, arcDate=Wed Jan 22 11:46:05 CST 2014, crtDate=Mon Jan 20 17:09:11 CST 2014, roleCode=GEN_ADMIN]]<br/>修改管理员信息[<b>修改数据：</b>SysUser [id=17, loginName=gen, realName=gen_admin, loginPassword=3b6a765ede676559e0f261b5b9e339c9f36819c74a67568eb417ff4b379dbfbd, loginCount=0, lastLoginDate=null, lastLoginIp=null, arcDate=null, crtDate=null, roleCode=null]]','2014-01-22 11:51:35'),(651,'修改管理员','修改管理员信息[<b>原始数据：</b>SysUser [id=16, loginName=admin3, realName=admin3, loginPassword=4fc2b5673a201ad9b1fc03dcb346e1baad44351daa0503d5534b4dfdcc4332e0, loginCount=1, lastLoginDate=Wed Jan 22 11:50:09 CST 2014, lastLoginIp=127.0.0.1, arcDate=Wed Jan 22 11:50:00 CST 2014, crtDate=Mon Jan 20 16:14:29 CST 2014, roleCode=ADMIN]]<br/>修改管理员信息[<b>修改数据：</b>SysUser [id=16, loginName=default, realName=default_admin, loginPassword=37a8eec1ce19687d132fe29051dca629d164e2c4958ba141d5f4133a33f0688f, loginCount=0, lastLoginDate=null, lastLoginIp=null, arcDate=null, crtDate=null, roleCode=null]]','2014-01-22 11:52:01'),(652,'管理员退出','管理员[admin]手动退出！','2014-01-22 11:52:05'),(653,'管理员登录','管理员[gen]登录成功！','2014-01-22 11:52:12'),(654,'管理员退出','管理员[gen]手动退出！','2014-01-22 11:52:19'),(655,'管理员登录','管理员[admin]登录成功！','2014-01-22 11:52:24'),(656,'管理员登录','管理员[admin]登录成功！','2014-01-22 12:38:02'),(657,'管理员登录','管理员[admin]登录成功！','2014-01-22 13:03:15'),(658,'管理员登录','管理员[default]登录成功！','2014-01-22 13:26:09'),(659,'管理员登录','管理员[default]登录成功！','2014-01-22 14:14:31'),(660,'管理员登录','管理员[default]登录成功！','2014-01-22 14:21:38'),(661,'管理员退出','管理员[default]手动退出！','2014-01-22 14:21:47'),(662,'管理员登录','管理员[gen]登录成功！','2014-01-22 14:21:56'),(663,'管理员退出','管理员[gen]手动退出！','2014-01-22 14:22:10'),(664,'管理员登录','管理员[admin]登录成功！','2014-01-22 14:22:16'),(665,'删除系统模块','删除系统模块信息[SysModule [moduleId=11, moduleName=XXXXX, moduleUrl=#, targetString=, treeCode=null, rightCode=XXXXXX, seqNum=0, remark=, arcDate=Tue Jan 21 15:47:35 CST 2014, crtDate=Tue Jan 21 15:47:35 CST 2014, parentModuleId=10]]','2014-01-22 14:25:35'),(666,'修改权限角色','修改权限角色信息[<b>原始数据：</b>SysRole [roleId=3, roleCode=ADMIN, roleName=管理员, remark=管理员, treeSysModuleModalIds=9,, arcDate=Wed Jan 22 11:49:48 CST 2014, crtDate=Mon Jan 20 16:27:29 CST 2014]]<br/>修改权限角色信息[<b>修改数据：</b>SysRole [roleId=3, roleCode=ADMIN, roleName=管理员, remark=管理员, treeSysModuleModalIds=9, arcDate=null, crtDate=null]]','2014-01-22 14:26:05'),(667,'修改权限角色','修改权限角色信息[<b>原始数据：</b>SysRole [roleId=1, roleCode=SUPER_ADMIN, roleName=超级管理员, remark=超级管理员, treeSysModuleModalIds=9,3,4,5,6,, arcDate=Wed Jan 22 11:50:51 CST 2014, crtDate=Mon Jan 20 14:28:42 CST 2014]]<br/>修改权限角色信息[<b>修改数据：</b>SysRole [roleId=1, roleCode=SUPER_ADMIN, roleName=超级管理员, remark=超级管理员, treeSysModuleModalIds=3,4,5,6,9, arcDate=null, crtDate=null]]','2014-01-22 14:26:29'),(668,'管理员登录','管理员[admin]登录成功！','2014-01-22 16:21:02'),(669,'管理员登录','管理员[admin]登录成功！','2014-01-22 17:06:57'),(670,'管理员登录','管理员[admin]登录成功！','2014-01-22 17:20:18'),(671,'管理员登录','管理员[admin]登录成功！','2014-01-22 17:30:30'),(672,'管理员登录','管理员[admin]登录成功！','2014-01-22 17:47:36'),(673,'新增权限角色','新增权限角色信息[SysRole [roleId=, roleCode=XX, roleName=XX, remark=XX, treeSysModuleModalIds=9, arcDate=null, crtDate=null]]','2014-01-22 17:47:56');

/*Table structure for table `sys_role` */

DROP TABLE IF EXISTS `sys_role`;

CREATE TABLE `sys_role` (
  `role_id` int(11) NOT NULL AUTO_INCREMENT COMMENT '权限角色id',
  `role_code` varchar(64) NOT NULL COMMENT '权限角色编码',
  `role_name` varchar(64) NOT NULL COMMENT '权限角色名称',
  `remark` varchar(1024) DEFAULT NULL,
  `arcdate` timestamp NULL DEFAULT NULL,
  `crtdate` timestamp NOT NULL DEFAULT CURRENT_TIMESTAMP,
  PRIMARY KEY (`role_id`),
  UNIQUE KEY `index_unique_role_code` (`role_code`)
) ENGINE=InnoDB AUTO_INCREMENT=5 DEFAULT CHARSET=utf8;

/*Data for the table `sys_role` */

insert  into `sys_role`(`role_id`,`role_code`,`role_name`,`remark`,`arcdate`,`crtdate`) values (1,'SUPER_ADMIN','超级管理员','超级管理员','2014-01-22 14:26:29','2014-01-20 14:28:42'),(2,'GEN_ADMIN','普通管理员','普通管理员1','2014-01-22 11:51:12','2014-01-20 14:27:26'),(3,'ADMIN','管理员','管理员','2014-01-22 14:26:05','2014-01-20 16:27:29'),(4,'XX','XX','XX','2014-01-22 17:47:56','2014-01-22 17:47:56');

/*Table structure for table `sys_role_right` */

DROP TABLE IF EXISTS `sys_role_right`;

CREATE TABLE `sys_role_right` (
  `sys_role_right_id` bigint(20) DEFAULT NULL COMMENT '权限角色中间表id',
  `sys_role_id` int(11) DEFAULT NULL COMMENT '角色id',
  `sys_right_id` int(11) DEFAULT NULL COMMENT '权限id(module id)'
) ENGINE=InnoDB DEFAULT CHARSET=utf8;

/*Data for the table `sys_role_right` */

insert  into `sys_role_right`(`sys_role_right_id`,`sys_role_id`,`sys_right_id`) values (NULL,2,3),(NULL,2,5),(NULL,2,6),(NULL,2,9),(NULL,3,9),(NULL,1,3),(NULL,1,4),(NULL,1,5),(NULL,1,6),(NULL,1,9),(NULL,4,9);

/*!40101 SET SQL_MODE=@OLD_SQL_MODE */;
/*!40014 SET FOREIGN_KEY_CHECKS=@OLD_FOREIGN_KEY_CHECKS */;
/*!40014 SET UNIQUE_CHECKS=@OLD_UNIQUE_CHECKS */;
/*!40111 SET SQL_NOTES=@OLD_SQL_NOTES */;
